variable,VIF
DIV,1.2165423292324895
size,1.1066525160320153
Leverage,1.2821563546934327
age,1.0748518420310624
ROA,2.410541434386204
ROE,2.256044822814142
Sales Growth,1.0095151414187138
